구분,품목구분,상품코드,상품명,내포입
상품,트리플콜라겐,PD2202220001,트리플콜라겐 오렌지,14
상품,트리플콜라겐,PD23111500001,트리플콜라겐 오렌지1,
상품,트리플콜라겐,PD24010400001,트리플콜라겐 오렌지2,
상품,트리플콜라겐,PD22101400001,트리플콜라겐 오렌지 체험키트,3
상품,트리플콜라겐,PD24070900001,트리플콜라겐 오렌지 7개입,7
상품,트리플콜라겐,PD24022300001,(시음) 트리플콜라겐 오렌지,
상품,트리플콜라겐,PD26021100001,트리플콜라겐 체험키트(1포),1
상품,트리플콜라겐,PD25121600001,올리브영_트리플콜라겐 오렌지(소비기한),
상품,트리플콜라겐,PD2203110001,트리플콜라겐 오렌지(미국용),14
상품,트리플콜라겐,PD25021300001,트리플콜라겐 오렌지(JP),
상품,트리플콜라겐,PD25021900001,트리플콜라겐 오렌지 7개입(JP),
상품,트리플콜라겐,PD26070600001,트리플콜라겐 오렌지(컬리용),100
상품,트로피컬,PD26062200001,트리플콜라겐 트로피컬,14
상품,트리플샤인,PD23112300005,트리플샤인 포도,14
상품,트리플샤인,PD24112100001,트리플샤인 포도2 ,
상품,트리플샤인,PD23112800001,트리플샤인 포도 체험키트,3
상품,트리플샤인,PD24050300001,트리플샤인 포도 선물세트(6개입),
상품,트리플샤인,PD24080100001,트리플샤인 포도 7개입,
상품,트리플샤인,PD26021100002,트리플샤인 체험키트(1포),1
상품,트리플샤인,PD24080100002,트리플샤인 포도(미국용),14
상품,트리플샤인,PD25021300002,트리플샤인 포도(JP),14
상품,트리플샤인,PD25021900002,트리플샤인 포도 7개입(JP),7
상품,케라그로우,PD25100100001,케라그로우 망고,14
상품,케라그로우,PD25102800002,케라그로우 망고 체험키트(1포),1
상품,케라그로우,PD25121600002,올리브영_케라그로우 망고(소비기한),
상품,기획세트,PD24041900001,감사의달 선물세트(2개입),
상품,기획세트,PD24012300001,소창보자기세트,
상품,기획세트,PD24082300001,(24추석) 트리플콜라겐 2개입 선물세트,
상품,기획세트,PD24082300002,(24추석) 트리플콜라겐 6개입 선물세트,
상품,기획세트,PD24082300003,(24추석) 트리플샤인 2개입 선물세트,
상품,기획세트,PD24082300004,(24추석) 트리플샤인 6개입 선물세트,
상품,기획세트,PD24082300005,(24추석) 스킨시너지 2개입 선물세트,
상품,기획세트,PD24082300006,(24추석) 스킨시너지 6개입 선물세트,
상품,기획세트,PD24121700006,(25설)트리플콜라겐 2개입 선물세트,
상품,기획세트,PD24121700007,(25설)트리플샤인 2개입 선물세트,
상품,기획세트,PD24121700008,(25설)스킨시너지 2개입 선물세트,
상품,기획세트,PD24091300001,"트리플콜라겐 2개입(단상자,소비기한)",
상품,기획세트,PD25101500001,"트리플콜라겐 4개입(단상자,소비기한)",
상품,기획세트,PD24091300002,"트리플콜라겐 6개입(단상자,소비기한)",
상품,기획세트,PD26040300005,"트리플콜라겐 8개입(단상자,소비기한)",
상품,기획세트,PD24091300003,"트리플샤인 2개입(단상자,소비기한)",
상품,기획세트,PD25101500002,"트리플샤인 4개입(단상자,소비기한)",
상품,기획세트,PD24091300004,"트리플샤인 6개입(단상자,소비기한)",
상품,기획세트,PD25111200001,"케라그로우 2개입(단상자, 소비기한)",
상품,기획세트,PD26040300006,"케라그로우 4개입(단상자, 소비기한)",
상품,기획세트,PD25111200002,"케라그로우 6개입(단상자, 소비기한)",
상품,기획세트,PD25030600001,(KR/JP) 트리플콜라겐 선물패키지 1개입,
상품,기획세트,PD25030600002,(KR/JP) 트리플샤인 선물패키지 1개입,
상품,기획세트,PD25110500001,(JP) 선물패키지 체험키트 2개입,
상품,기획세트,PD25081900007,(컬리) 스킨시너지 2개입 세트,
상품,기획세트,PD25032800001,(25감사의달) 트리플콜라겐 2개입 세트,
상품,기획세트,PD25032800002,(25감사의달) 트리플샤인 2개입 세트,
상품,기획세트,PD25032800003,(25감사의달) 스킨시너지 2개입 세트,
상품,기획세트,PD25032800004,(25감사의달) 트리플콜라겐 6개입 세트,
상품,기획세트,PD25032800005,(25감사의달) 트리플샤인 6개입 세트,
상품,기획세트,PD25032800006,(25감사의달) 스킨시너지 6개입 세트,
상품,기획세트,PD25081900001,(25추석) 트리플콜라겐 2개입 세트,
상품,기획세트,PD25081900002,(25추석) 트리플샤인 2개입 세트,
상품,기획세트,PD25081900003,(25추석) 스킨시너지 2개입 세트,
상품,기획세트,PD25081900004,(25추석) 트리플콜라겐 6개입 세트,
상품,기획세트,PD25081900005,(25추석) 트리플샤인 6개입 세트,
상품,기획세트,PD25102900001,(25홀리데이) 트리플콜라겐 2개입 세트,
상품,기획세트,PD25102900002,(25홀리데이) 트리플샤인 2개입 세트,
상품,기획세트,PD25102900003,(25홀리데이) 스킨시너지 2개입 세트,
상품,기획세트,PD26021300002,"(카카오톡선물하기) 케라그로우 단독패키지 1개입",
상품,기획세트,PD26032700005,[26 감사의달] 트리플콜라겐 선물패키지 2개입,
상품,기획세트,PD26032700006,[26 감사의달] 트리플샤인 선물패키지 2개입,
상품,기획세트,PD26032700007,[26 감사의달] 케라그로우 선물패키지 2개입,
상품,기획세트,PD25081900006,(25추석) 스킨시너지 6개입 세트,
상품,기획세트,PD25050900001,[GS홈쇼핑] 트리플콜라겐 13개입+레더파우치,
상품,기획세트,PD25050900002,[GS홈쇼핑] 트리플콜라겐 6개입,
상품,기획세트,PD26040300004,볼륨시너지 4개입 세트,
상품,기획세트,PD26041700003,커리쉴 메인 콜라보 키트,
상품,기획세트,PD26041700004,커리쉴 미니어처 트라이얼 키트,
상품,기획세트,PD26010800001,[26설] 설기획세트,
GWP,GWP,PD23090100001,머그컵,
GWP,GWP,PD24111100001,2025 오니스트 이너뷰티 캘린더(바코드부착),
GWP,GWP,PD24112200001,2025 오니스트 이너뷰티 캘린더(할인쿠폰X),
GWP,GWP,PD24121100001,2025 오니스트 이너뷰티 캘린더(바코드부착),
GWP,GWP,PD24012400001,소프트 스트링 파우치,
GWP,GWP,PD24012600001,에코백,
GWP,GWP,PD25012000001,소프트 스트링 파우치(단상자),
GWP,GWP,PD24110600001,레더 파우치,
GWP,GWP,PD24040200001,컬러링북,
GWP,GWP,PD23090100002,코스터,
GWP,GWP,PD24062800002,타월,
GWP,GWP,PD24052200001,트리플샤인 포도 굿즈,
GWP,GWP,PD23052600001,파우치,
GWP,GWP,PD24080100003,리뉴얼 파우치,
GWP,GWP,PD25120500001,트래블 파우치,
GWP,GWP,PD25042500001,트리플샤인 톤팔레트(공용),
GWP,GWP,PD25100100002,KG 스크런치,
GWP,GWP,PD25100100003,KG 괄사콤세트,
GWP,GWP,PD25103000001,KG 두피렌즈 패키지 SET,
GWP,GWP,PD25090900001,레고트 키링,
GWP,GWP,PD25092200001,레고트 텀블러,
GWP,GWP,PD25103000002,(25홀리데이) 오니스트 캘린더,
GWP,GWP,PD25111900001,(25홀리데이) 오니스트 캘린더-바코드,
부자재,부자재,PD23082500001,리플렛,
부자재,부자재,PD25110300018,케라그로우 망고 리플렛,
부자재,부자재,PD24031900001,리플렛(일본),
부자재,부자재,PD25070900001,5주년 오니스트위크 리플렛,
부자재,부자재,PD24062000001,할인 쿠폰 리플렛,
부자재,부자재,PD24101000001,트리플콜라겐 기부증 티켓,
부자재,부자재,PD24032000002,감사카드(카카오-꽃),
부자재,부자재,PD24032000001,생일카드(카카오-체리),
부자재,부자재,PD22081900001,선물카드(외부몰-꽃),
부자재,부자재,PD24032000003,축하카드(카카오-선인장),
부자재,부자재,PD24041900003,종이참(사슴),
부자재,부자재,PD24041900004,종이참(은방울꽃),
부자재,부자재,PD24122300001,정기구독 감사메세지카드,
부자재,부자재,PD24062800001,쇼핑백(타공),
부자재,부자재,PD2204260001,쇼핑백(S),
부자재,부자재,PD22083100001,쇼핑백(L),
부자재,부자재,PD24121100002,쇼핑백(L)-바코드,
부자재,부자재,PD25112100001,쇼핑백(XL)_신형사이즈,
부자재,부자재,PD25042100001,쇼핑백(XL)_구형사이즈,
부자재,부자재,PD24061000001,시너지세트 4개입 상자,
부자재,부자재,PD25060500001,밸런스 세트(본품 4+4) 단상자,
부자재,부자재,PD25021800001,밸런스 세트(7개입 8+8) 상자,
부자재,부자재,PD25091200001,스킨시너지 2개입 단상자,
부자재,부자재,PD23121200001,트리플샤인 포도 2개입 상자,
부자재,부자재,PD24123000002,트리플샤인 포도 4개입 상자,
부자재,부자재,PD23121200002,트리플샤인 포도 6개입상자,
부자재,부자재,PD23112300001,트리플콜라겐 오렌지 2개입 상자1,
부자재,부자재,PD23110800001,트리플콜라겐 오렌지 2개입 상자,
부자재,부자재,PD24123000001,트리플콜라겐 오렌지 4개입 상자,
부자재,부자재,PD23110800002,트리플콜라겐 오렌지 6개입 상자,
부자재,부자재,PD25111800001,케라그로우 망고 2개입 상자,
부자재,부자재,PD25111800002,케라그로우 망고 6개입 상자,
부자재,부자재,PD24082000001,(24추석) 트리플콜라겐 오렌지 2개입 상자,
부자재,부자재,PD24082000002,(24추석) 트리플콜라겐 오렌지 6개입 상자,
부자재,부자재,PD24082000003,(24추석) 트리플샤인 포도 2개입 상자,
부자재,부자재,PD24082000004,(24추석) 트리플샤인 포도 6개입 상자,
부자재,부자재,PD24082000005,(24추석) 스킨시너지 2개입 상자,
부자재,부자재,PD24082000006,(24추석) 스킨시너지 6개입 상자,
부자재,부자재,PD24082000007,(24추석) 진주참,
부자재,부자재,PD24082000008,(24추석) 6개입 아이보리색 보자기백(L),
부자재,부자재,PD24082000009,(24추석) 2개입 오렌지색 보자기백(S),
부자재,부자재,PD24121700001,(25설)한아조 공용박스,
부자재,부자재,PD24121700002,(25설)오렌지 리플렛,
부자재,부자재,PD24121700003,(25설)포도 리플렛,
부자재,부자재,PD24121700004,(25설)오렌지 비누,
부자재,부자재,PD24121700005,(25설)포도 비누,
부자재,부자재,PD25030500001,(KR/JP)선물패키지 내장카드(케이크),
부자재,부자재,PD25030500002,(KR/JP)선물패키지 단상자(1개입),
부자재,부자재,PD25030600003,(KR/JP) 선물패키지 오렌지 내장패드,
부자재,부자재,PD25030600004,(KR/JP) 선물패키지 포도 내장패드,
부자재,부자재,PD25030600005,(KR/JP) 선물패키지 슬리브(공용),
부자재,부자재,PD25032500002,(25감사의달) 6개입 단상자(공용),
부자재,부자재,PD25032500004,(25감사의달) 2개입 단상자(공용),
부자재,부자재,PD25042500002,트리플샤인 톤팔레트 종이케이스(KR),
부자재,부자재,PD25042500003,트리플샤인 톤팔레트 종이케이스(JP),
부자재,부자재,PD25081800005,(25추석) 2개입 단상자,
부자재,부자재,PD25081900008,(25추석) 6개입 단상자,
부자재,부자재,PD25081900010,(25추석) 2개입 보자기(옐로우),
부자재,부자재,PD25081900009,(25추석) 6개입 보자기(오렌지),
부자재,부자재,PD25081800008,(컬리) 스킨시너지 2개입 단상자,
부자재,부자재,PD25081900011,(컬리) 2개입 보자기(오렌지),
부자재,부자재,PD25101400001,(25홀리데이) 패키지 단상자,
부자재,부자재,PD25103000001,KG 두피렌즈 패키지,
부자재,부자재,PD25121000001,올리브영_트리플콜라겐 슬리브,
부자재,부자재,PD25121600003,올리브영_케라그로우 패드,
부자재,부자재,PD26051200001,올리브영_트리플샤인 슬리브,
부자재,부자재,PD26010600001,"[26설] 설기획세트 패키지(쇼핑백, 안짝)",
부자재,부자재,PD26012600001,카카오톡선물하기_케라그로우 단독패키지,
부자재,부자재,PD26032700001,[26 감사의달] 트리플콜라겐 패키지(단상자),
부자재,부자재,PD26032700002,[26 감사의달] 트리플샤인 패키지(단상자),
부자재,부자재,PD26032700003,[26 감사의달] 케라그로우 패키지(단상자),
부자재,부자재,PD26032700004,[26 감사의달] 쇼핑백,
부자재,부자재,PD26042400001,[26 감사의달] US 리플렛,
부자재,부자재,PD25021800001,밸런스 세트(7개입 8+8) 상자,
부자재,부자재,PD26040300001,트리플콜라겐 오렌지 8개입 상자,
부자재,부자재,PD26040300002,케라그로우 망고 4개입 상자,
부자재,부자재,PD26040300003,볼륨시너지 4개입 상자,
부자재,부자재,PD26041700001,커리쉴 메인 콜라보 키트 단상자,
부자재,부자재,PD26041700002,커리쉴 미니어처 트라이얼 키트 단상자,
집기,집기,PD25110300001,(집기) 큐브진열대_진열대,
집기,집기,PD25110300002,(집기) 큐브진열대_원형상판(목재),
집기,집기,PD25110300003,(집기) 큐브진열대_아크릴상판(오렌지),
집기,집기,PD25110300004,(집기) A4 거치대 실버,
집기,집기,PD25110300005,(집기) 철망펜스_철망,
집기,집기,PD25110300006,(집기) 철망펜스_아크릴거울(오렌지),
집기,집기,PD25110300007,(집기) 큐브진열대_아크릴상판(퍼플),
집기,집기,PD25110300008,(집기) 큐브진열대_아크릴상판(옐로우),
집기,집기,PD25110300009,(집기) 벽 부착 사각선반,
집기,집기,PD25110300010,(집기) 목재 과일박스,
집기,집기,PD25110300011,(집기) 커튼_레일(250CM),
집기,집기,PD25110300012,(집기) 커튼_레일(150CM),
집기,집기,PD25110300013,(집기) 커튼_천(250CM),
집기,집기,PD25110300014,(집기) 커튼_천(150CM),
집기,집기,PD25110300015,(집기) 커튼_레일 고정용 브라켓,
집기,집기,PD25110300016,(집기) OWNIST_LED 조명+브라켓,
집기,집기,PD25110300017,(집기) 모형 망고,